,EmployeeID,AccountID,ContactName,ContactTitle,ContactEmail,ContactPhone
0,8110ca23-259b-4544-a81c-0625f69cd7d6,655ae5a7-2557-4e88-9bab-e062f43aebef,Kathryn Daniels,CEO,hsalazar@example.com,(298)345-9386
1,8110ca23-259b-4544-a81c-0625f69cd7d6,655ae5a7-2557-4e88-9bab-e062f43aebef,Teresa Perez,VP,erobinson@example.com,230-731-8163x3043
2,8110ca23-259b-4544-a81c-0625f69cd7d6,7f1ce93f-64d6-4535-8c9a-7c9ecf2e2b5e,James Rocha DDS,CEO,qmorgan@example.com,628-367-1815
3,8110ca23-259b-4544-a81c-0625f69cd7d6,7f1ce93f-64d6-4535-8c9a-7c9ecf2e2b5e,Kevin Nichols,Director,erik10@example.com,596-752-0144x8502
4,8110ca23-259b-4544-a81c-0625f69cd7d6,737b1d77-f642-43c4-acd2-5b97adc6458e,Mark Shannon,Consultant,cynthiagray@example.com,530.267.4331x6638
5,a8760663-48c8-417d-a30b-729a732c8672,e0e605c4-d798-4d74-b7b4-29f2c229b929,Jonathan Lam,CEO,xflores@example.net,+1-644-737-4645
6,a8760663-48c8-417d-a30b-729a732c8672,655ae5a7-2557-4e88-9bab-e062f43aebef,Christopher Sanders,Director,rtaylor@example.org,(761)707-4850x62373
7,a8760663-48c8-417d-a30b-729a732c8672,737b1d77-f642-43c4-acd2-5b97adc6458e,Brianna Miller,Director,joshuasmith@example.com,909.516.7461x57883
8,a8760663-48c8-417d-a30b-729a732c8672,737b1d77-f642-43c4-acd2-5b97adc6458e,Jeanette Gonzalez,Manager,yhansen@example.com,615.670.2240
9,a8760663-48c8-417d-a30b-729a732c8672,e0e605c4-d798-4d74-b7b4-29f2c229b929,Joseph Young,CEO,kshah@example.com,952.589.4548x82990
10,309fd8ab-f3ae-409f-a7da-450d8ccf98e2,737b1d77-f642-43c4-acd2-5b97adc6458e,Samantha Carroll,CEO,georgediaz@example.org,692-824-8107
11,309fd8ab-f3ae-409f-a7da-450d8ccf98e2,655ae5a7-2557-4e88-9bab-e062f43aebef,Peter Case,CEO,waltonshannon@example.net,+1-540-701-6205x7908
12,309fd8ab-f3ae-409f-a7da-450d8ccf98e2,e0e605c4-d798-4d74-b7b4-29f2c229b929,James Rose,Director,angela67@example.com,311.382.5505
13,8959300d-3da1-4d77-aea8-9b79908b3d31,e0e605c4-d798-4d74-b7b4-29f2c229b929,Michael Singh,Consultant,sheltongail@example.com,692.865.8623x6307
14,8959300d-3da1-4d77-aea8-9b79908b3d31,7f1ce93f-64d6-4535-8c9a-7c9ecf2e2b5e,Amanda Anderson,VP,stephanie44@example.net,606.204.2117
15,63abadbf-aad2-45e3-8fc1-5cd5600db80a,e0e605c4-d798-4d74-b7b4-29f2c229b929,Ian Cooper,VP,ashley06@example.com,001-210-235-7586
16,89d53b58-bb93-473b-946b-522fa6229cc0,7f1ce93f-64d6-4535-8c9a-7c9ecf2e2b5e,Glenn Montoya,VP,carlcopeland@example.net,671-929-3696x35059
17,89d53b58-bb93-473b-946b-522fa6229cc0,e8428707-db5a-4f18-aa81-ce01c5f9f4a2,Richard Gonzalez,VP,christopher39@example.org,369-409-5601
18,fcb23068-a9e4-47f7-be47-4348c51c7aa1,e8428707-db5a-4f18-aa81-ce01c5f9f4a2,Donald Mcintosh,Director,rlopez@example.org,(885)215-2037x608
19,115e6149-13fe-4b74-8c74-cc768181eda2,737b1d77-f642-43c4-acd2-5b97adc6458e,Patrick Scott,VP,morgangregory@example.net,+1-592-562-3858
20,115e6149-13fe-4b74-8c74-cc768181eda2,655ae5a7-2557-4e88-9bab-e062f43aebef,Luis Jones,Manager,wyattcassie@example.com,841-455-8356x36313
21,a71a49a5-d554-42dd-b3cc-052102d8bcc4,e8428707-db5a-4f18-aa81-ce01c5f9f4a2,Christopher Hampton,Manager,jonathan37@example.com,(691)507-8819x2289
22,a71a49a5-d554-42dd-b3cc-052102d8bcc4,7f1ce93f-64d6-4535-8c9a-7c9ecf2e2b5e,Christopher Rogers,Director,donaldstewart@example.net,823-775-4822
23,a71a49a5-d554-42dd-b3cc-052102d8bcc4,737b1d77-f642-43c4-acd2-5b97adc6458e,Julie Kelley,VP,itran@example.org,675.575.9606
24,aab232fe-78d0-4ea6-af69-1cab68768838,655ae5a7-2557-4e88-9bab-e062f43aebef,Ronald Ball,VP,johnsonmary@example.org,5982831161
25,aab232fe-78d0-4ea6-af69-1cab68768838,7f1ce93f-64d6-4535-8c9a-7c9ecf2e2b5e,Dawn Mora,VP,craig20@example.com,(556)515-8111
26,aab232fe-78d0-4ea6-af69-1cab68768838,737b1d77-f642-43c4-acd2-5b97adc6458e,Daniel Smith,VP,bobby60@example.org,739-400-1902
27,aab232fe-78d0-4ea6-af69-1cab68768838,7f1ce93f-64d6-4535-8c9a-7c9ecf2e2b5e,Richard Robbins,VP,ashleyhouse@example.net,724-747-8785x235
28,aab232fe-78d0-4ea6-af69-1cab68768838,e8428707-db5a-4f18-aa81-ce01c5f9f4a2,Robert Aguilar,Manager,katherine68@example.org,(863)641-7033x8120
